Category,Region,Identifier,Description,Value unit / format,Native periodicity,Source response format,Max history available,Recommended storage horizon,Institution / endpoint,Status,Notes / quirks,In database,Stored periodicity,Stored from,Stored to,Stored observations,Freshness,Open data-quality flags,Synced
Equity index,US,equity.US.sp500,S&P 500 — daily close level,index points (local currency),daily (trading days),"yfinance object (internal, not raw CSV/JSON)",yf.Ticker(...).history(period='max') — effectively full listed history,full (cheap; yfinance 'max' costs nothing extra over a shorter pull),"Yahoo Finance, ticker ^GSPC",ok,Latest bar can carry a NaN close while a session is open (seen on ^GDAXI/^SSMI/^HSI/^N225) — must dropna before storage.,yes,weekly,1927-12-30,2026-08-27,"5,148","fresh (2d old, limit 14d)",—,2026-08-29
Equity index,US,equity.US.nasdaq100,Nasdaq 100 — daily close level,index points (local currency),daily (trading days),"yfinance object (internal, not raw CSV/JSON)",yf.Ticker(...).history(period='max') — effectively full listed history,full (cheap; yfinance 'max' costs nothing extra over a shorter pull),"Yahoo Finance, ticker ^NDX",ok,Latest bar can carry a NaN close while a session is open (seen on ^GDAXI/^SSMI/^HSI/^N225) — must dropna before storage.,yes,weekly,1985-10-04,2026-08-27,"2,135","fresh (2d old, limit 14d)",—,2026-08-29
Equity index,US,equity.US.russell2000,Russell 2000 — daily close level,index points (local currency),daily (trading days),"yfinance object (internal, not raw CSV/JSON)",yf.Ticker(...).history(period='max') — effectively full listed history,full (cheap; yfinance 'max' costs nothing extra over a shorter pull),"Yahoo Finance, ticker ^RUT",ok,Latest bar can carry a NaN close while a session is open (seen on ^GDAXI/^SSMI/^HSI/^N225) — must dropna before storage.,yes,weekly,1987-09-11,2026-08-27,"2,034","fresh (2d old, limit 14d)",—,2026-08-29
Equity index,UK,equity.UK.ftse100,FTSE 100 — daily close level,index points (local currency),daily (trading days),"yfinance object (internal, not raw CSV/JSON)",yf.Ticker(...).history(period='max') — effectively full listed history,full (cheap; yfinance 'max' costs nothing extra over a shorter pull),"Yahoo Finance, ticker ^FTSE",ok,Latest bar can carry a NaN close while a session is open (seen on ^GDAXI/^SSMI/^HSI/^N225) — must dropna before storage.,yes,weekly,1984-01-06,2026-08-27,"2,226","fresh (2d old, limit 14d)",—,2026-08-29
Equity index,EZ,equity.EZ.stoxx600,STOXX Europe 600 — daily close level,index points (local currency),daily (trading days),"yfinance object (internal, not raw CSV/JSON)",yf.Ticker(...).history(period='max') — effectively full listed history,full (cheap; yfinance 'max' costs nothing extra over a shorter pull),"Yahoo Finance, ticker ^STOXX",ok,Latest bar can carry a NaN close while a session is open (seen on ^GDAXI/^SSMI/^HSI/^N225) — must dropna before storage.,yes,weekly,2004-04-30,2026-08-27,"1,166","fresh (2d old, limit 14d)",—,2026-08-29
Equity index,DE,equity.DE.dax,DAX — daily close level,index points (local currency),daily (trading days),"yfinance object (internal, not raw CSV/JSON)",yf.Ticker(...).history(period='max') — effectively full listed history,full (cheap; yfinance 'max' costs nothing extra over a shorter pull),"Yahoo Finance, ticker ^GDAXI",ok,Latest bar can carry a NaN close while a session is open (seen on ^GDAXI/^SSMI/^HSI/^N225) — must dropna before storage.,yes,weekly,1987-12-30,2026-08-27,"2,018","fresh (2d old, limit 14d)",—,2026-08-29
Equity index,CH,equity.CH.smi,SMI — daily close level,index points (local currency),daily (trading days),"yfinance object (internal, not raw CSV/JSON)",yf.Ticker(...).history(period='max') — effectively full listed history,full (cheap; yfinance 'max' costs nothing extra over a shorter pull),"Yahoo Finance, ticker ^SSMI",ok,Latest bar can carry a NaN close while a session is open (seen on ^GDAXI/^SSMI/^HSI/^N225) — must dropna before storage.,yes,weekly,1990-11-09,2026-08-27,"1,869","fresh (2d old, limit 14d)",—,2026-08-29
Equity index,CN,equity.CN.csi300,CSI 300 (proxy: 510300.SS mainland-listed CNY ETF — Yahoo serves the index itself with only 1-5d history) — daily close level,index points (local currency),daily (trading days),"yfinance object (internal, not raw CSV/JSON)",yf.Ticker(...).history(period='max') — effectively full listed history,full (cheap; yfinance 'max' costs nothing extra over a shorter pull),"Yahoo Finance, ticker 510300.SS",ok,Latest bar can carry a NaN close while a session is open (seen on ^GDAXI/^SSMI/^HSI/^N225) — must dropna before storage.,yes,weekly,2012-05-04,2026-08-26,733,"fresh (3d old, limit 14d)",—,2026-08-29
Equity index,CN,equity.CN.hangseng,Hang Seng — daily close level,index points (local currency),daily (trading days),"yfinance object (internal, not raw CSV/JSON)",yf.Ticker(...).history(period='max') — effectively full listed history,full (cheap; yfinance 'max' costs nothing extra over a shorter pull),"Yahoo Finance, ticker ^HSI",ok,Latest bar can carry a NaN close while a session is open (seen on ^GDAXI/^SSMI/^HSI/^N225) — must dropna before storage.,yes,weekly,1987-01-02,2026-08-27,"2,070","fresh (2d old, limit 14d)",—,2026-08-29
Equity index,JP,equity.JP.nikkei225,Nikkei 225 — daily close level,index points (local currency),daily (trading days),"yfinance object (internal, not raw CSV/JSON)",yf.Ticker(...).history(period='max') — effectively full listed history,full (cheap; yfinance 'max' costs nothing extra over a shorter pull),"Yahoo Finance, ticker ^N225",ok,Latest bar can carry a NaN close while a session is open (seen on ^GDAXI/^SSMI/^HSI/^N225) — must dropna before storage.,yes,weekly,1965-01-08,2026-08-27,"3,214","fresh (2d old, limit 14d)",—,2026-08-29
Equity index,NO,equity.NO.osebx,OSEBX (Oslo Børs) — daily close level,index points (local currency),daily (trading days),"yfinance object (internal, not raw CSV/JSON)",yf.Ticker(...).history(period='max') — effectively full listed history,full (cheap; yfinance 'max' costs nothing extra over a shorter pull),"Yahoo Finance, ticker OSEBX.OL",ok,Latest bar can carry a NaN close while a session is open (seen on ^GDAXI/^SSMI/^HSI/^N225) — must dropna before storage.,yes,weekly,2013-03-08,2026-08-27,704,"fresh (2d old, limit 14d)",—,2026-08-29
Equity index,EM,equity.EM.msci_em,MSCI EM (proxy: EEM ETF) — daily close level,index points (local currency),daily (trading days),"yfinance object (internal, not raw CSV/JSON)",yf.Ticker(...).history(period='max') — effectively full listed history,full (cheap; yfinance 'max' costs nothing extra over a shorter pull),"Yahoo Finance, ticker EEM",ok,Latest bar can carry a NaN close while a session is open (seen on ^GDAXI/^SSMI/^HSI/^N225) — must dropna before storage.,yes,weekly,2003-04-17,2026-08-27,"1,220","fresh (2d old, limit 14d)",—,2026-08-29
Volatility index,US,vol.US.vix,VIX — CBOE volatility index,index points,daily,yfinance object,full,full,"Yahoo Finance, ^VIX",ok,,yes,weekly,1990-01-05,2026-08-27,"1,913","fresh (2d old, limit 14d)",—,2026-08-29
Volatility index,EZ,vol.EZ.vstoxx,VSTOXX — Eurozone volatility index,index points,daily,—,,,none found,no source found,No confirmed free daily source located. Left blank rather than guessed.,no,—,—,—,—,—,—,2026-08-29
Currency,—,fx.dxy,US Dollar Index (DXY) — daily close,"exchange rate (levels, not %)",daily,yfinance object,full,full,"Yahoo Finance, DX-Y.NYB",ok,,yes,weekly,1971-01-08,2026-08-27,"2,904","fresh (2d old, limit 14d)",—,2026-08-29
Currency,—,fx.eurusd,EUR/USD — daily close,"exchange rate (levels, not %)",daily,yfinance object,full,full,"Yahoo Finance, EURUSD=X",ok,,yes,weekly,2003-12-05,2026-08-28,"1,185","fresh (1d old, limit 14d)",—,2026-08-29
Currency,—,fx.gbpusd,GBP/USD — daily close,"exchange rate (levels, not %)",daily,yfinance object,full,full,"Yahoo Finance, GBPUSD=X",ok,,yes,weekly,2003-12-05,2026-08-28,"1,187","fresh (1d old, limit 14d)",—,2026-08-29
Currency,—,fx.usdjpy,USD/JPY — daily close,"exchange rate (levels, not %)",daily,yfinance object,full,full,"Yahoo Finance, USDJPY=X",ok,,yes,weekly,1996-11-01,2026-08-28,"1,555","fresh (1d old, limit 14d)",—,2026-08-29
Currency,—,fx.usdchf,USD/CHF — daily close,"exchange rate (levels, not %)",daily,yfinance object,full,full,"Yahoo Finance, USDCHF=X",ok,,yes,weekly,2003-09-19,2026-08-28,"1,198","fresh (1d old, limit 14d)",—,2026-08-29
Currency,—,fx.eurchf,EUR/CHF — daily close,"exchange rate (levels, not %)",daily,yfinance object,full,full,"Yahoo Finance, EURCHF=X",ok,,yes,weekly,2003-01-24,2026-08-28,"1,229","fresh (1d old, limit 14d)",—,2026-08-29
Currency,—,fx.usdcny,USD/CNY — daily close,"exchange rate (levels, not %)",daily,yfinance object,full,full,"Yahoo Finance, USDCNY=X",ok,,yes,weekly,2001-06-26,2026-08-28,"1,284","fresh (1d old, limit 14d)",—,2026-08-29
Currency,—,fx.eurnok,EUR/NOK — daily close,"exchange rate (levels, not %)",daily,yfinance object,full,full,"Yahoo Finance, EURNOK=X",ok,,yes,weekly,2000-03-17,2026-08-28,"1,378","fresh (1d old, limit 14d)",—,2026-08-29
Commodity,Global,commodity.brent,"Brent Crude (ICE, front month)",USD/bbl,daily,yfinance object,full,full,"Yahoo Finance, BZ=F",ok,,yes,weekly,2007-08-03,2026-08-27,995,"fresh (2d old, limit 14d)",—,2026-08-29
Commodity,Global,commodity.natgas_hh,"Natural Gas — Henry Hub (US) (NYMEX, front month)",USD/MMBtu,daily,yfinance object,full,full,"Yahoo Finance, NG=F",ok,,yes,weekly,2000-09-01,2026-08-27,"1,357","fresh (2d old, limit 14d)",—,2026-08-29
Commodity,Global,commodity.natgas_ttf,"Natural Gas — TTF (Europe) (ICE, front month)",EUR/MWh,daily,yfinance object,full,full,"Yahoo Finance, TTF=F",ok,,yes,weekly,2017-10-27,2026-08-27,462,"fresh (2d old, limit 14d)",—,2026-08-29
Commodity,Global,commodity.gold,"Gold (COMEX, front month)",USD/troy oz,daily,yfinance object,full,full,"Yahoo Finance, GC=F",ok,,yes,weekly,2000-09-01,2026-08-27,"1,357","fresh (2d old, limit 14d)",—,2026-08-29
Commodity,Global,commodity.silver,"Silver (COMEX, front month)",USD/troy oz,daily,yfinance object,full,full,"Yahoo Finance, SI=F",ok,,yes,weekly,2000-09-01,2026-08-27,"1,357","fresh (2d old, limit 14d)",—,2026-08-29
Commodity,Global,commodity.copper,"Copper (COMEX, front month)",USD/lb,daily,yfinance object,full,full,"Yahoo Finance, HG=F",ok,,yes,weekly,2000-09-01,2026-08-27,"1,357","fresh (2d old, limit 14d)",—,2026-08-29
Commodity,Global,commodity.bcom,Broad commodities (proxy: DBC ETF — no free broad index found) (NYSE Arca),USD,daily,yfinance object,full,full,"Yahoo Finance, DBC",ok,,yes,weekly,2006-02-10,2026-08-27,"1,073","fresh (2d old, limit 14d)",—,2026-08-29
Policy rate,US,policy_rate.US,Federal Reserve — Fed Funds,%,irregular (changes on central bank decision dates),CSV,~25y (startPeriod widened 2026-08-28; unbounded JP alone is 57MB),25y (matches BIS pull already in place),"BIS Data Portal, WS_CBPOL/1.0/D.US?format=csv",ok,,yes,irregular,2001-08-31,2026-08-25,"1,305","fresh (4d old, limit 150d)",—,2026-08-29
Policy rate,UK,policy_rate.UK,Bank of England — Bank Rate,%,irregular (changes on central bank decision dates),CSV,~25y (startPeriod widened 2026-08-28; unbounded JP alone is 57MB),25y (matches BIS pull already in place),"BIS Data Portal, WS_CBPOL/1.0/D.GB?format=csv",ok,,yes,irregular,2001-08-31,2026-08-24,"1,305","fresh (5d old, limit 150d)",—,2026-08-29
Policy rate,EZ,policy_rate.EZ,European Central Bank — Deposit Rate,%,irregular (changes on central bank decision dates),CSV,~25y (startPeriod widened 2026-08-28; unbounded JP alone is 57MB),25y (matches BIS pull already in place),"BIS Data Portal, WS_CBPOL/1.0/D.XM?format=csv",ok,"Decided 2026-08-28: no separate Germany row. Germany does not set its own policy rate — it IS this ECB rate, so a DE row would only ever be a duplicate value to keep in sync.",yes,irregular,2001-08-31,2026-08-25,"1,305","fresh (4d old, limit 150d)",—,2026-08-29
Policy rate,CH,policy_rate.CH,Swiss National Bank — Policy Rate,%,irregular (changes on central bank decision dates),CSV,~25y (startPeriod widened 2026-08-28; unbounded JP alone is 57MB),25y (matches BIS pull already in place),"BIS Data Portal, WS_CBPOL/1.0/D.CH?format=csv",ok,,yes,irregular,2001-08-31,2026-08-25,"1,305","fresh (4d old, limit 150d)",—,2026-08-29
Policy rate,CN,policy_rate.CN,People's Bank of China,%,irregular (changes on central bank decision dates),CSV,~25y (startPeriod widened 2026-08-28; unbounded JP alone is 57MB),25y (matches BIS pull already in place),"BIS Data Portal, WS_CBPOL/1.0/D.CN?format=csv",ok,,yes,irregular,2001-08-31,2026-07-19,"1,296","fresh (41d old, limit 150d)",—,2026-08-29
Policy rate,JP,policy_rate.JP,Bank of Japan,%,irregular (changes on central bank decision dates),CSV,~25y (startPeriod widened 2026-08-28; unbounded JP alone is 57MB),25y (matches BIS pull already in place),"BIS Data Portal, WS_CBPOL/1.0/D.JP?format=csv",ok,,yes,irregular,2006-03-10,2026-08-25,889,"fresh (4d old, limit 150d)",—,2026-08-29
Policy rate,NO,policy_rate.NO,Norges Bank — Key Policy Rate,%,irregular (changes on central bank decision dates),CSV,~25y (startPeriod widened 2026-08-28; unbounded JP alone is 57MB),25y (matches BIS pull already in place),"BIS Data Portal, WS_CBPOL/1.0/D.NO?format=csv",ok,Consolidated 2026-08-28: confirmed live at D.NO on the same BIS CBPOL endpoint already used for every other region — dropped the separate Norges Bank policy-rate fetch (Norway's YIELD CURVE still needs Norges Bank directly; only the policy rate moved).,yes,irregular,2001-08-31,2026-08-24,"1,305","fresh (5d old, limit 150d)",—,2026-08-29
Yield curve (nominal),US,curve.US.2Y,"US govt yield, 2Y",%,daily,"CSV (observation_date,<ID>; '.' = missing)",full (US 10y confirmed back to 1962),full,"FRED, fredgraph.csv?id=DGS2",ok,FRED requires a tool-shaped User-Agent (python-requests/curl) — a browser-style UA silently hangs behind Akamai until read-timeout.,yes,weekly,1976-06-04,2026-08-27,"2,622","fresh (2d old, limit 14d)",—,2026-08-29
Yield curve (nominal),US,curve.US.5Y,"US govt yield, 5Y",%,daily,"CSV (observation_date,<ID>; '.' = missing)",full (US 10y confirmed back to 1962),full,"FRED, fredgraph.csv?id=DGS5",ok,FRED requires a tool-shaped User-Agent (python-requests/curl) — a browser-style UA silently hangs behind Akamai until read-timeout.,yes,weekly,1962-01-05,2026-08-27,"3,374","fresh (2d old, limit 14d)",—,2026-08-29
Yield curve (nominal),US,curve.US.10Y,"US govt yield, 10Y",%,daily,"CSV (observation_date,<ID>; '.' = missing)",full (US 10y confirmed back to 1962),full,"FRED, fredgraph.csv?id=DGS10",ok,FRED requires a tool-shaped User-Agent (python-requests/curl) — a browser-style UA silently hangs behind Akamai until read-timeout.,yes,weekly,1962-01-05,2026-08-27,"3,374","fresh (2d old, limit 14d)",—,2026-08-29
Yield curve (nominal),US,curve.US.30Y,"US govt yield, 30Y",%,daily,"CSV (observation_date,<ID>; '.' = missing)",full (US 10y confirmed back to 1962),full,"FRED, fredgraph.csv?id=DGS30",ok,FRED requires a tool-shaped User-Agent (python-requests/curl) — a browser-style UA silently hangs behind Akamai until read-timeout.,yes,weekly,1977-02-18,2026-08-27,"2,585","fresh (2d old, limit 14d)",—,2026-08-29
Yield curve (nominal),UK,curve.UK.2Y,"UK govt yield, 2Y",%,daily,xlsx (zipped),"full, via one-time backfill from glcnominalddata.zip (~39MB, nominal only) — not re-pulled on the daily run","full (one-time backfill), then daily incremental: only the small current-snapshot workbook is fetched afterward","BoE GLC nominal workbook (latest-yield-curve-data.zip, sheet '4. spot curve' + '3. spot, short end' for 2y)",ok,"Requires a browser-style User-Agent. Decided 2026-08-28: pull the big archive once to seed history, then only the daily snapshot file after that — resolves the earlier no-percentile-context gap without a recurring 39MB daily cost.",yes,weekly,1979-01-05,2026-08-27,"2,487","fresh (2d old, limit 14d)",—,2026-08-29
Yield curve (nominal),UK,curve.UK.5Y,"UK govt yield, 5Y",%,daily,xlsx (zipped),"full, via one-time backfill from glcnominalddata.zip (~39MB, nominal only) — not re-pulled on the daily run","full (one-time backfill), then daily incremental: only the small current-snapshot workbook is fetched afterward","BoE GLC nominal workbook (latest-yield-curve-data.zip, sheet '4. spot curve' + '3. spot, short end' for 2y)",ok,"Requires a browser-style User-Agent. Decided 2026-08-28: pull the big archive once to seed history, then only the daily snapshot file after that — resolves the earlier no-percentile-context gap without a recurring 39MB daily cost.",yes,weekly,1979-01-05,2026-08-27,"2,487","fresh (2d old, limit 14d)",—,2026-08-29
Yield curve (nominal),UK,curve.UK.10Y,"UK govt yield, 10Y",%,daily,xlsx (zipped),"full, via one-time backfill from glcnominalddata.zip (~39MB, nominal only) — not re-pulled on the daily run","full (one-time backfill), then daily incremental: only the small current-snapshot workbook is fetched afterward","BoE GLC nominal workbook (latest-yield-curve-data.zip, sheet '4. spot curve' + '3. spot, short end' for 2y)",ok,"Requires a browser-style User-Agent. Decided 2026-08-28: pull the big archive once to seed history, then only the daily snapshot file after that — resolves the earlier no-percentile-context gap without a recurring 39MB daily cost.",yes,weekly,1979-01-05,2026-08-27,"2,487","fresh (2d old, limit 14d)",—,2026-08-29
Yield curve (nominal),UK,curve.UK.30Y,"UK govt yield, 30Y",%,daily,xlsx (zipped),"full, via one-time backfill from glcnominalddata.zip (~39MB, nominal only) — not re-pulled on the daily run","full (one-time backfill), then daily incremental: only the small current-snapshot workbook is fetched afterward","BoE GLC nominal workbook (latest-yield-curve-data.zip, sheet '4. spot curve' + '3. spot, short end' for 2y)",ok,"Requires a browser-style User-Agent. Decided 2026-08-28: pull the big archive once to seed history, then only the daily snapshot file after that — resolves the earlier no-percentile-context gap without a recurring 39MB daily cost.",yes,weekly,2016-01-08,2026-08-27,556,"fresh (2d old, limit 14d)",—,2026-08-29
Yield curve (nominal),EZ,curve.EZ.2Y,"EZ govt yield, 2Y",%,daily,CSV (csvdata),~15y (startPeriod widened 2026-08-28; full history ~3MB per tenor),15y,"ECB Data Portal, YC/B.U2.EUR.4F.G_N_C.SV_C_YM.SR_2Y (all-bonds euro area curve)",ok,"G_N_C = all-bonds blend, deliberately not G_N_A (AAA-only, which tracks the Bund so closely it duplicates Germany's row).",yes,weekly,2011-09-02,2026-08-27,783,"fresh (2d old, limit 14d)",—,2026-08-29
Yield curve (nominal),EZ,curve.EZ.5Y,"EZ govt yield, 5Y",%,daily,CSV (csvdata),~15y (startPeriod widened 2026-08-28; full history ~3MB per tenor),15y,"ECB Data Portal, YC/B.U2.EUR.4F.G_N_C.SV_C_YM.SR_5Y (all-bonds euro area curve)",ok,"G_N_C = all-bonds blend, deliberately not G_N_A (AAA-only, which tracks the Bund so closely it duplicates Germany's row).",yes,weekly,2011-09-02,2026-08-27,783,"fresh (2d old, limit 14d)",—,2026-08-29
Yield curve (nominal),EZ,curve.EZ.10Y,"EZ govt yield, 10Y",%,daily,CSV (csvdata),~15y (startPeriod widened 2026-08-28; full history ~3MB per tenor),15y,"ECB Data Portal, YC/B.U2.EUR.4F.G_N_C.SV_C_YM.SR_10Y (all-bonds euro area curve)",ok,"G_N_C = all-bonds blend, deliberately not G_N_A (AAA-only, which tracks the Bund so closely it duplicates Germany's row).",yes,weekly,2011-09-02,2026-08-27,783,"fresh (2d old, limit 14d)",—,2026-08-29
Yield curve (nominal),EZ,curve.EZ.30Y,"EZ govt yield, 30Y",%,daily,CSV (csvdata),~15y (startPeriod widened 2026-08-28; full history ~3MB per tenor),15y,"ECB Data Portal, YC/B.U2.EUR.4F.G_N_C.SV_C_YM.SR_30Y (all-bonds euro area curve)",ok,"G_N_C = all-bonds blend, deliberately not G_N_A (AAA-only, which tracks the Bund so closely it duplicates Germany's row).",yes,weekly,2011-09-02,2026-08-27,783,"fresh (2d old, limit 14d)",—,2026-08-29
Yield curve (nominal),DE,curve.DE.2Y,"DE govt yield, 2Y",%,daily,"CSV (~9-line metadata preamble, then date,value,flag; '.' = missing)",not measured this pass — treat as a follow-up check,"confirm depth, then match EZ's 15y","Deutsche Bundesbank, api.statistiken.bundesbank.de, BBSIS key with R02XX tenor segment",ok,"Single-issuer Bund curve — the literal benchmark, distinct from the EZ blended row.",yes,weekly,1997-08-08,2026-08-28,"1,517","fresh (1d old, limit 14d)",—,2026-08-29
Yield curve (nominal),DE,curve.DE.5Y,"DE govt yield, 5Y",%,daily,"CSV (~9-line metadata preamble, then date,value,flag; '.' = missing)",not measured this pass — treat as a follow-up check,"confirm depth, then match EZ's 15y","Deutsche Bundesbank, api.statistiken.bundesbank.de, BBSIS key with R05XX tenor segment",ok,"Single-issuer Bund curve — the literal benchmark, distinct from the EZ blended row.",yes,weekly,1997-08-08,2026-08-28,"1,517","fresh (1d old, limit 14d)",—,2026-08-29
Yield curve (nominal),DE,curve.DE.10Y,"DE govt yield, 10Y",%,daily,"CSV (~9-line metadata preamble, then date,value,flag; '.' = missing)",not measured this pass — treat as a follow-up check,"confirm depth, then match EZ's 15y","Deutsche Bundesbank, api.statistiken.bundesbank.de, BBSIS key with R10XX tenor segment",ok,"Single-issuer Bund curve — the literal benchmark, distinct from the EZ blended row.",yes,weekly,1997-08-08,2026-08-28,"1,517","fresh (1d old, limit 14d)",—,2026-08-29
Yield curve (nominal),DE,curve.DE.30Y,"DE govt yield, 30Y",%,daily,"CSV (~9-line metadata preamble, then date,value,flag; '.' = missing)",not measured this pass — treat as a follow-up check,"confirm depth, then match EZ's 15y","Deutsche Bundesbank, api.statistiken.bundesbank.de, BBSIS key with R30XX tenor segment",ok,"Single-issuer Bund curve — the literal benchmark, distinct from the EZ blended row.",yes,weekly,2000-08-04,2026-08-28,"1,361","fresh (1d old, limit 14d)",—,2026-08-29
Yield curve (nominal),CH,curve.CH.10Y,"CH govt yield, 10Y",%,daily,CSV,full,full,"FRED, IRLTLT01CHM156N (OECD-sourced long-term rate)",stale,"SNB retired its own Confederation-bond cubes (both rendoblid/rendoblim stop 2025-07/09-01) — this FRED monthly series is the only survivor, runs ~2 months behind, and is 10y-only. No successor cube or alternate institution found.",yes,monthly,1955-01-01,2026-06-01,858,"STALE (89d old, limit 70d)",stale,2026-08-29
Yield curve (nominal),CH,curve.CH.2Y,"CH govt yield, 2Y",%,—,—,,,none,no source found,Only the 10y point exists anywhere free (see CH 10Y row).,no,—,—,—,—,—,—,2026-08-29
Yield curve (nominal),CH,curve.CH.5Y,"CH govt yield, 5Y",%,—,—,,,none,no source found,Only the 10y point exists anywhere free (see CH 10Y row).,no,—,—,—,—,—,—,2026-08-29
Yield curve (nominal),CH,curve.CH.30Y,"CH govt yield, 30Y",%,—,—,,,none,no source found,Only the 10y point exists anywhere free (see CH 10Y row).,no,—,—,—,—,—,—,2026-08-29
Yield curve (nominal),CN,curve.CN.2Y,"CN govt yield, 2Y",%,—,—,,,none (ChinaBond JS-rendered; CFETS gateway returns 'Path not found' to every path),no source found,Whole curve unsourced. Only remaining lead would be a headless-browser scrape of ChinaBond — deliberately not pursued.,no,—,—,—,—,—,—,2026-08-29
Yield curve (nominal),CN,curve.CN.5Y,"CN govt yield, 5Y",%,—,—,,,none (ChinaBond JS-rendered; CFETS gateway returns 'Path not found' to every path),no source found,Whole curve unsourced. Only remaining lead would be a headless-browser scrape of ChinaBond — deliberately not pursued.,no,—,—,—,—,—,—,2026-08-29
Yield curve (nominal),CN,curve.CN.10Y,"CN govt yield, 10Y",%,—,—,,,none (ChinaBond JS-rendered; CFETS gateway returns 'Path not found' to every path),no source found,Whole curve unsourced. Only remaining lead would be a headless-browser scrape of ChinaBond — deliberately not pursued.,no,—,—,—,—,—,—,2026-08-29
Yield curve (nominal),CN,curve.CN.30Y,"CN govt yield, 30Y",%,—,—,,,none (ChinaBond JS-rendered; CFETS gateway returns 'Path not found' to every path),no source found,Whole curve unsourced. Only remaining lead would be a headless-browser scrape of ChinaBond — deliberately not pursued.,no,—,—,—,—,—,—,2026-08-29
Yield curve (nominal),JP,curve.JP.2Y,"JP govt yield, 2Y",%,daily,"CSV, Shift-JIS (cp932) encoding, title row on line 1","back to 1974 (archive file, then stitched to current month)",full (1974→now),"Japan MOF, jgbcme.csv (current month) stitched with historical/jgbcme_all.csv (archive)",ok,"Requires a browser-style User-Agent. Whole 1Y-40Y curve in one file, not per-tenor requests.",yes,weekly,1974-09-27,2026-08-27,"2,644","fresh (2d old, limit 14d)",—,2026-08-29
Yield curve (nominal),JP,curve.JP.5Y,"JP govt yield, 5Y",%,daily,"CSV, Shift-JIS (cp932) encoding, title row on line 1","back to 1974 (archive file, then stitched to current month)",full (1974→now),"Japan MOF, jgbcme.csv (current month) stitched with historical/jgbcme_all.csv (archive)",ok,"Requires a browser-style User-Agent. Whole 1Y-40Y curve in one file, not per-tenor requests.",yes,weekly,1974-09-27,2026-08-27,"2,709","fresh (2d old, limit 14d)",—,2026-08-29
Yield curve (nominal),JP,curve.JP.10Y,"JP govt yield, 10Y",%,daily,"CSV, Shift-JIS (cp932) encoding, title row on line 1","back to 1974 (archive file, then stitched to current month)",full (1974→now),"Japan MOF, jgbcme.csv (current month) stitched with historical/jgbcme_all.csv (archive)",ok,"Requires a browser-style User-Agent. Whole 1Y-40Y curve in one file, not per-tenor requests.",yes,weekly,1986-07-11,2026-08-27,"2,094","fresh (2d old, limit 14d)",—,2026-08-29
Yield curve (nominal),JP,curve.JP.30Y,"JP govt yield, 30Y",%,daily,"CSV, Shift-JIS (cp932) encoding, title row on line 1","back to 1974 (archive file, then stitched to current month)",full (1974→now),"Japan MOF, jgbcme.csv (current month) stitched with historical/jgbcme_all.csv (archive)",ok,"Requires a browser-style User-Agent. Whole 1Y-40Y curve in one file, not per-tenor requests.",yes,weekly,1999-09-03,2026-08-27,"1,408","fresh (2d old, limit 14d)",—,2026-08-29
Yield curve (nominal),NO,curve.NO.2Y,"NO govt yield, 2Y",%,daily,semicolon-delimited CSV,~25y (widened 2026-08-28) but API only actually reaches back to 2015 regardless of the request window,2015→now (source ceiling),"Norges Bank, GOVT_ZEROCOUPON/B.<tenor>",ok,"One request for the whole curve, not per-tenor (a single transient failure used to downgrade the whole curve to 'partial').",yes,weekly,2015-01-02,2026-08-27,609,"fresh (2d old, limit 14d)",—,2026-08-29
Yield curve (nominal),NO,curve.NO.5Y,"NO govt yield, 5Y",%,daily,semicolon-delimited CSV,~25y (widened 2026-08-28) but API only actually reaches back to 2015 regardless of the request window,2015→now (source ceiling),"Norges Bank, GOVT_ZEROCOUPON/B.<tenor>",ok,"One request for the whole curve, not per-tenor (a single transient failure used to downgrade the whole curve to 'partial').",yes,weekly,2015-01-02,2026-08-27,609,"fresh (2d old, limit 14d)",—,2026-08-29
Yield curve (nominal),NO,curve.NO.10Y,"NO govt yield, 10Y",%,daily,semicolon-delimited CSV,~25y (widened 2026-08-28) but API only actually reaches back to 2015 regardless of the request window,2015→now (source ceiling),"Norges Bank, GOVT_ZEROCOUPON/B.<tenor>",ok,"One request for the whole curve, not per-tenor (a single transient failure used to downgrade the whole curve to 'partial').",yes,weekly,2015-01-02,2026-08-27,609,"fresh (2d old, limit 14d)",—,2026-08-29
Yield curve (nominal),NO,curve.NO.30Y,"NO govt yield, 30Y",%,—,—,,,none,no source found,Norges Bank's published curve stops at 10y — there is no 30y point anywhere.,no,—,—,—,—,—,—,2026-08-29
Yield curve (real),US,real_yield.US.5Y,"US TIPS real yield, 5Y",%,daily,CSV,full,full,"FRED, DFII5",ok,CPI-linked (TIPS) basis.,yes,weekly,2003-01-03,2026-08-27,"1,235","fresh (2d old, limit 14d)",—,2026-08-29
Yield curve (real),US,real_yield.US.10Y,"US TIPS real yield, 10Y",%,daily,CSV,full,full,"FRED, DFII10",ok,CPI-linked (TIPS) basis.,yes,weekly,2003-01-03,2026-08-27,"1,235","fresh (2d old, limit 14d)",—,2026-08-29
Yield curve (real),US,real_yield.US.30Y,"US TIPS real yield, 30Y",%,daily,CSV,full,full,"FRED, DFII30",ok,CPI-linked (TIPS) basis.,yes,weekly,2010-02-26,2026-08-27,862,"fresh (2d old, limit 14d)",—,2026-08-29
Yield curve (real),US,real_yield.US.2Y,"US TIPS real yield, 2Y",%,—,—,,,none found,no source found,No 2y TIPS breakeven is published.,no,—,—,—,—,—,—,2026-08-29
Yield curve (real),UK,real_yield.UK.2Y,"UK index-linked gilt real yield, 2Y",%,daily,xlsx (zipped),"full, via one-time backfill (real workbook has its own archive zip)","full (one-time backfill), then daily incremental",BoE GLC real workbook,ok,RPI-linked gilts basis. Same one-time-backfill-then-daily-snapshot approach as the nominal UK curve.,yes,weekly,1985-06-28,2026-08-27,"1,378","fresh (2d old, limit 14d)",gap,2026-08-29
Yield curve (real),UK,real_yield.UK.5Y,"UK index-linked gilt real yield, 5Y",%,daily,xlsx (zipped),"full, via one-time backfill (real workbook has its own archive zip)","full (one-time backfill), then daily incremental",BoE GLC real workbook,ok,RPI-linked gilts basis. Same one-time-backfill-then-daily-snapshot approach as the nominal UK curve.,yes,weekly,1985-01-04,2026-08-27,"2,174","fresh (2d old, limit 14d)",—,2026-08-29
Yield curve (real),UK,real_yield.UK.10Y,"UK index-linked gilt real yield, 10Y",%,daily,xlsx (zipped),"full, via one-time backfill (real workbook has its own archive zip)","full (one-time backfill), then daily incremental",BoE GLC real workbook,ok,RPI-linked gilts basis. Same one-time-backfill-then-daily-snapshot approach as the nominal UK curve.,yes,weekly,1985-01-04,2026-08-27,"2,174","fresh (2d old, limit 14d)",—,2026-08-29
Yield curve (real),UK,real_yield.UK.30Y,"UK index-linked gilt real yield, 30Y",%,daily,xlsx (zipped),"full, via one-time backfill (real workbook has its own archive zip)","full (one-time backfill), then daily incremental",BoE GLC real workbook,ok,RPI-linked gilts basis. Same one-time-backfill-then-daily-snapshot approach as the nominal UK curve.,yes,weekly,2016-01-08,2026-08-27,556,"fresh (2d old, limit 14d)",—,2026-08-29
Eurozone spread (benchmark leg),DE,spread_benchmark.DE,"Germany 10y-equivalent, ECB long-term rate series (benchmark leg for FR/IT/ES spreads)",%,monthly,CSV,not measured this pass,match FR/IT/ES,"ECB Data Portal, IRS/M.DE.L.L40.CI.0000.EUR.N.Z",ok,Deliberately NOT the Bundesbank daily curve — ECB's German figure (3.07) differs from Bundesbank's (3.22); mixing sources would put a methodology gap into the spread.,yes,monthly,2011-09-01,2026-07-01,179,"fresh (59d old, limit 70d)",—,2026-08-29
Eurozone spread,EZ,spread.FR,"France vs. Bund (ECB benchmark leg), sovereign spread",bp,monthly,CSV,not measured this pass,match benchmark leg,"ECB Data Portal, IRS/M.FR.L.L40.CI.0000.EUR.N.Z",ok,Both legs of the spread must come from this same ECB series family — never mix in the Bundesbank curve for the German leg.,yes,monthly,2011-09-01,2026-07-01,179,"fresh (59d old, limit 70d)",—,2026-08-29
Eurozone spread,EZ,spread.IT,"Italy vs. Bund (ECB benchmark leg), sovereign spread",bp,monthly,CSV,not measured this pass,match benchmark leg,"ECB Data Portal, IRS/M.IT.L.L40.CI.0000.EUR.N.Z",ok,Both legs of the spread must come from this same ECB series family — never mix in the Bundesbank curve for the German leg.,yes,monthly,2011-09-01,2026-07-01,179,"fresh (59d old, limit 70d)",—,2026-08-29
Eurozone spread,EZ,spread.ES,"Spain vs. Bund (ECB benchmark leg), sovereign spread",bp,monthly,CSV,not measured this pass,match benchmark leg,"ECB Data Portal, IRS/M.ES.L.L40.CI.0000.EUR.N.Z",ok,Both legs of the spread must come from this same ECB series family — never mix in the Bundesbank curve for the German leg.,yes,monthly,2011-09-01,2026-07-01,179,"fresh (59d old, limit 70d)",—,2026-08-29
CPI,US,cpi.US,"US headline CPI, YoY % and index level","% YoY (unit 771) + index level (unit 628, same response)",monthly,CSV,~25y (startPeriod widened 2026-08-28),25y,"BIS Data Portal, WS_LONG_CPI/1.0/M.US?format=csv",ok,One response carries both unit codes — filtering on unit_measure is mandatory or the two get mixed.,yes,monthly,2001-09-01,2026-07-01,298,"fresh (59d old, limit 70d)",gap,2026-08-29
CPI,UK,cpi.UK,"UK headline CPI, YoY % and index level","% YoY (unit 771) + index level (unit 628, same response)",monthly,CSV,~25y (startPeriod widened 2026-08-28),25y,"BIS Data Portal, WS_LONG_CPI/1.0/M.GB?format=csv",ok,One response carries both unit codes — filtering on unit_measure is mandatory or the two get mixed.,yes,monthly,2001-09-01,2026-07-01,299,"fresh (59d old, limit 70d)",—,2026-08-29
CPI,EZ,cpi.EZ,"EZ headline CPI, YoY % and index level","% YoY (unit 771) + index level (unit 628, same response)",monthly,CSV,~25y (startPeriod widened 2026-08-28),25y,"BIS Data Portal, WS_LONG_CPI/1.0/M.XM?format=csv",ok,One response carries both unit codes — filtering on unit_measure is mandatory or the two get mixed.,yes,monthly,2001-09-01,2026-07-01,299,"fresh (59d old, limit 70d)",—,2026-08-29
CPI,DE,cpi.DE,"DE headline CPI, YoY % and index level","% YoY (unit 771) + index level (unit 628, same response)",monthly,CSV,~25y (startPeriod widened 2026-08-28),25y,"BIS Data Portal, WS_LONG_CPI/1.0/M.DE?format=csv",ok,One response carries both unit codes — filtering on unit_measure is mandatory or the two get mixed.,yes,monthly,2001-09-01,2026-07-01,299,"fresh (59d old, limit 70d)",—,2026-08-29
CPI,CH,cpi.CH,"CH headline CPI, YoY % and index level","% YoY (unit 771) + index level (unit 628, same response)",monthly,CSV,~25y (startPeriod widened 2026-08-28),25y,"BIS Data Portal, WS_LONG_CPI/1.0/M.CH?format=csv",ok,One response carries both unit codes — filtering on unit_measure is mandatory or the two get mixed.,yes,monthly,2001-09-01,2026-07-01,299,"fresh (59d old, limit 70d)",—,2026-08-29
CPI,CN,cpi.CN,"CN headline CPI, YoY % and index level","% YoY (unit 771) + index level (unit 628, same response)",monthly,CSV,~25y (startPeriod widened 2026-08-28),25y,"BIS Data Portal, WS_LONG_CPI/1.0/M.CN?format=csv",ok,One response carries both unit codes — filtering on unit_measure is mandatory or the two get mixed.,yes,monthly,2001-09-01,2026-07-01,299,"fresh (59d old, limit 70d)",—,2026-08-29
CPI,JP,cpi.JP,"JP headline CPI, YoY % and index level","% YoY (unit 771) + index level (unit 628, same response)",monthly,CSV,~25y (startPeriod widened 2026-08-28),25y,"BIS Data Portal, WS_LONG_CPI/1.0/M.JP?format=csv",ok,One response carries both unit codes — filtering on unit_measure is mandatory or the two get mixed.,yes,monthly,2001-09-01,2026-07-01,299,"fresh (59d old, limit 70d)",—,2026-08-29
CPI,NO,cpi.NO,"NO headline CPI, YoY % and index level","% YoY (unit 771) + index level (unit 628, same response)",monthly,CSV,~25y (startPeriod widened 2026-08-28),25y,"BIS Data Portal, WS_LONG_CPI/1.0/M.NO?format=csv",ok,One response carries both unit codes — filtering on unit_measure is mandatory or the two get mixed.,yes,monthly,2001-09-01,2026-07-01,299,"fresh (59d old, limit 70d)",—,2026-08-29
Inflation expectations (market),US,inflexp.US.market.5y,"US market-implied breakeven, 5y, CPI basis",%,daily,CSV,full,full,"FRED, T5YIE",ok,,yes,weekly,2003-01-03,2026-08-28,"1,235","fresh (1d old, limit 14d)",—,2026-08-29
Inflation expectations (market),US,inflexp.US.market.10y,"US market-implied breakeven, 10y, CPI basis",%,daily,CSV,full,full,"FRED, T10YIE",ok,,yes,weekly,2003-01-03,2026-08-28,"1,235","fresh (1d old, limit 14d)",—,2026-08-29
Inflation expectations (market),US,inflexp.US.market.5y5y_fwd,"US market-implied breakeven, 5y5y_fwd, CPI basis",%,daily,CSV,full,full,"FRED, T5YIFR",ok,,yes,weekly,2003-01-03,2026-08-28,"1,235","fresh (1d old, limit 14d)",—,2026-08-29
Inflation expectations (model),US,inflexp.US.model.1y,"US Cleveland Fed model-implied, 1y, CPI basis",%,monthly,CSV,full,full,"FRED, EXPINF1YR",ok,"Model-implied (TIPS + swaps + survey blend), badged as such — no 1y TIPS breakeven is published so this is the standard stand-in.",yes,monthly,1982-01-01,2026-08-01,536,"fresh (28d old, limit 70d)",—,2026-08-29
Inflation expectations (model),US,inflexp.US.model.5y,"US Cleveland Fed model-implied, 5y, CPI basis",%,monthly,CSV,full,full,"FRED, EXPINF5YR",ok,"Model-implied (TIPS + swaps + survey blend), badged as such — no 1y TIPS breakeven is published so this is the standard stand-in.",yes,monthly,1982-01-01,2026-08-01,536,"fresh (28d old, limit 70d)",—,2026-08-29
Inflation expectations (model),US,inflexp.US.model.10y,"US Cleveland Fed model-implied, 10y, CPI basis",%,monthly,CSV,full,full,"FRED, EXPINF10YR",ok,"Model-implied (TIPS + swaps + survey blend), badged as such — no 1y TIPS breakeven is published so this is the standard stand-in.",yes,monthly,1982-01-01,2026-08-01,536,"fresh (28d old, limit 70d)",—,2026-08-29
Inflation expectations (market),UK,inflexp.UK.2y,"UK market-implied breakeven, 2y, RPI basis",%,daily,xlsx (zipped),"full, via one-time backfill (inflation workbook has its own archive zip)","full (one-time backfill), then daily incremental",BoE GLC inflation workbook,ok,"RPI-based, not CPI — runs ~0.8-1.0pp above the CPI-basis figure. Must never be compared directly to US/model CPI breakevens without noting the basis.",yes,weekly,1985-06-28,2026-08-27,"1,378","fresh (2d old, limit 14d)",gap,2026-08-29
Inflation expectations (market),UK,inflexp.UK.5y,"UK market-implied breakeven, 5y, RPI basis",%,daily,xlsx (zipped),"full, via one-time backfill (inflation workbook has its own archive zip)","full (one-time backfill), then daily incremental",BoE GLC inflation workbook,ok,"RPI-based, not CPI — runs ~0.8-1.0pp above the CPI-basis figure. Must never be compared directly to US/model CPI breakevens without noting the basis.",yes,weekly,1985-01-04,2026-08-27,"2,174","fresh (2d old, limit 14d)",—,2026-08-29
Inflation expectations (market),UK,inflexp.UK.10y,"UK market-implied breakeven, 10y, RPI basis",%,daily,xlsx (zipped),"full, via one-time backfill (inflation workbook has its own archive zip)","full (one-time backfill), then daily incremental",BoE GLC inflation workbook,ok,"RPI-based, not CPI — runs ~0.8-1.0pp above the CPI-basis figure. Must never be compared directly to US/model CPI breakevens without noting the basis.",yes,weekly,1985-01-04,2026-08-27,"2,174","fresh (2d old, limit 14d)",—,2026-08-29
Inflation expectations,EZ,inflexp.EZ,Eurozone inflation expectations,%,—,—,"n/a — instrument is a traded OTC swap, not a published free feed",,none free (paid: Bloomberg/Refinitiv/ICE),"exists, not free","Practitioner standard is the EUR HICPx zero-coupon inflation swap — it trades and is real, but is not published free anywhere. ECB FM dataflow's 'ILS' codes turned out to be Israeli shekel, not inflation-linked-swap.",no,—,—,—,—,—,—,2026-08-29
Inflation expectations,DE,inflexp.DE,Germany inflation expectations (break-even),%,daily (as displayed),"web chart, no confirmed API","n/a — publicly displayed, not confirmed downloadable",,"Deutsche Finanzagentur (page, not API)","exists, not free","deutsche-finanzagentur.de publishes 'Break-even Inflation Rates' as a live chart — the number is real and current, but no CSV/API was found behind it. Bundesbank's REST API has no matching series. Worth one more look at the page's underlying network calls (not reachable via a text-only fetch) before concluding it's fully closed.",no,—,—,—,—,—,—,2026-08-29
Inflation expectations,FR,inflexp.FR,"France inflation expectations (real yield, buildable into a breakeven)",%,not yet confirmed (Webstat's FM dataflow cadence),CSV/API (SDMX),not yet confirmed,not yet confirmed,"Banque de France Webstat, FM dataflow, key pattern <area>.FM.M.FR.EUR.FR2.BB.FR30YT_RR.YLD",descoped,"Confirmed reachable and real — this is not a gap, it's a scope choice: France isn't one of the 8 tracked regions, so this wasn't added. Revisit if that scope decision changes; the lead doesn't go stale.",no,—,—,—,—,—,—,2026-08-29
Inflation expectations,CN,inflexp.CN,China inflation expectations,%,—,—,,,none found,no source found,"No accessible CNY inflation-linked market data found. Unlike Switzerland/Norway below, whether a liquid CNY inflation-linked bond market exists at all was not conclusively confirmed either way this pass — treat as 'not found', not 'confirmed impossible'.",no,—,—,—,—,—,—,2026-08-29
Inflation expectations,JP,inflexp.JP,Japan inflation expectations (JGBi),%,—,—,"n/a — instrument exists (JGBi, auctioned by MOF), no yield feed found",,"MOF publishes JGBi info, no yield series","exists, not free","JGBi (Japan's inflation-indexed government bonds) are real and auctioned by MOF, but MOF's JGBi page (mof.go.jp) is explanatory only — no yield time series, no CSV, no equivalent to the working nominal jgbcme.csv source.",no,—,—,—,—,—,—,2026-08-29
GDP growth,US,gdp.US,"US real GDP, chain-linked volume, local currency, seasonally adjusted (level; YoY/QoQ derived downstream)","index/level (national currency, chain-linked)",quarterly,CSV,full,full,"FRED, GDPC1",ok,FRED's own OECD-sourced growth-rate series are discontinued (frozen at 200 OK) — level series + derived growth is the only reliable path.,yes,quarterly,1947-01-01,2026-04-01,318,"fresh (150d old, limit 200d)",—,2026-08-29
GDP growth,DE,gdp.DE,"DE real GDP, chain-linked volume, local currency, seasonally adjusted (level; YoY/QoQ derived downstream)","index/level (national currency, chain-linked)",quarterly,CSV,full,full,"FRED, CLVMNACSCAB1GQDE",ok,FRED's own OECD-sourced growth-rate series are discontinued (frozen at 200 OK) — level series + derived growth is the only reliable path.,yes,quarterly,1991-01-01,2026-04-01,142,"fresh (150d old, limit 200d)",—,2026-08-29
GDP growth,CH,gdp.CH,"CH real GDP, chain-linked volume, local currency, seasonally adjusted (level; YoY/QoQ derived downstream)","index/level (national currency, chain-linked)",quarterly,CSV,full,full,"FRED, CLVMNACSCAB1GQCH",ok,FRED's own OECD-sourced growth-rate series are discontinued (frozen at 200 OK) — level series + derived growth is the only reliable path.,yes,quarterly,1995-01-01,2026-04-01,126,"fresh (150d old, limit 200d)",—,2026-08-29
GDP growth,JP,gdp.JP,"JP real GDP, chain-linked volume, local currency, seasonally adjusted (level; YoY/QoQ derived downstream)","index/level (national currency, chain-linked)",quarterly,CSV,full,full,"FRED, JPNRGDPEXP",ok,FRED's own OECD-sourced growth-rate series are discontinued (frozen at 200 OK) — level series + derived growth is the only reliable path.,yes,quarterly,1994-01-01,2026-04-01,130,"fresh (150d old, limit 200d)",—,2026-08-29
GDP growth,NO,gdp.NO,"NO real GDP, chain-linked volume, local currency, seasonally adjusted (level; YoY/QoQ derived downstream)","index/level (national currency, chain-linked)",quarterly,CSV,full,full,"FRED, CLVMNACSCAB1GQNO",stale,FRED's own OECD-sourced growth-rate series are discontinued (frozen at 200 OK) — level series + derived growth is the only reliable path.,yes,quarterly,1978-01-01,2026-01-01,193,"STALE (240d old, limit 200d)",stale,2026-08-29
GDP growth,CN,gdp.CN,"CN real GDP, chain-linked volume, local currency, seasonally adjusted (level; YoY/QoQ derived downstream)","index/level (national currency, chain-linked)",annual (only real-GDP series available for China),CSV,full,full,"FRED, NGDPRXDCCNA",ok,FRED's own OECD-sourced growth-rate series are discontinued (frozen at 200 OK) — level series + derived growth is the only reliable path.,yes,annual,2011-01-01,2025-01-01,15,"fresh (605d old, limit 730d)",—,2026-08-29
GDP growth,UK,gdp.UK,"UK real GDP, monthly index (level; YoY/QoQ derived downstream)",index (chain-linked volume),monthly,JSON (ONS time series API),"1997-01 onward (354 monthly observations, confirmed 2026-08-29)",full,"ONS, series ECY2 in dataset MGDP — ons.gov.uk/economy/grossdomesticproductgdp/timeseries/ecy2/mgdp/data",ok,"Switched 2026-08-28 from FRED's quarterly NGDPRSAXDCGBQ; endpoint corrected 2026-08-29. The .../current/mgdp.csv path previously named here returns 404 — the working endpoint is the ONS time series API, which serves JSON. Observations are under 'months', dated ""1997 JAN"", so they must be parsed against an explicit month map rather than a locale-dependent format. Confirmed live: ONS carried 2026-06 where FRED's UK series stopped at 2026-Q1, so this is monthly AND two quarters fresher. ONS titles it 'Gross Value Added - Monthly': UK monthly GDP IS the output-approach GVA index, so the description must say GVA rather than plain GDP. History starts 1997-01, where FRED's quarterly series reached 1955 — frequency and freshness traded for depth.",yes,monthly,1997-01-01,2026-06-01,354,"fresh (89d old, limit 120d)",—,2026-08-29
GDP growth,EZ,gdp.EZ,"Eurozone real GDP, chain-linked volume (level; YoY/QoQ derived downstream)",index/level (chain-linked volume),quarterly,JSON-stat (JSON),"1995-Q1 onward (126 quarterly observations, confirmed 2026-08-29)",full,"Eurostat, dataset namq_10_gdp — ec.europa.eu/eurostat/api/dissemination/statistics/1.0/data/namq_10_gdp?geo=EA20&unit=CLV15_MEUR&s_adj=SCA&na_item=B1GQ&freq=Q",ok,"Corrected 2026-08-29. The dataset previously named here, teina011, does NOT work: it carries only percentage CHANGES (PCH_Q1_SCA / PCH_Q4_SCA / PCH_Q4_NSA) over a rolling 12 quarters and publishes no level series at all. The pipeline derives growth from LEVELS so every region shares one definition (FRED's OECD growth series are discontinued — see SPEC.md's endpoint appendix), and 12 points cannot resolve a percentile window either. namq_10_gdp is the quarterly national accounts behind teina011 and gives the level. Second, independent reason the switch off FRED is right: this is EA20, the current euro-area membership, where FRED's CLVMNACSCAB1GQEA19 is the superseded EA19. Response is JSON-stat: 'value' is a sparse {flat_index: number} map and the time dimension carries {period_label: index}, so the two join by index, not by position. sinceTimePeriod genuinely bounds the response (126 rows -> 6).",yes,quarterly,1995-01-01,2026-04-01,126,"fresh (150d old, limit 200d)",—,2026-08-29
Valuation,US,valuation.US.cape,"US CAPE / Shiller P/E, S&P 500",ratio (x),monthly,"xls (legacy .xls, needs xlrd)",full (1871→file end),full,"Shiller/Yale, ie_data.xls",stale,"Source file itself currently ends 2024-09 — genuine publication lag at Shiller's end, not a fetch bug. Two-row header; match the lower row where col 0 == 'Date'; dates are fractional (1871.01 = Jan).",yes,monthly,1881-01-01,2024-09-01,"1,725","STALE (727d old, limit 70d)",stale,2026-08-29
Equity risk premium,US,erp.US,"US implied ERP (FCFE basis), S&P 500","% (fraction in source, x100 for display)",annual,xls,full,full,"Damodaran/NYU Stern, histimpl.xls",ok,"Use 'Implied ERP (FCFE)' column specifically — 'Implied Premium (DDM)' sits beside it and is a different, materially lower measure (1.69% vs 4.23% for 2025).",yes,annual,1961-12-31,2025-12-31,65,"fresh (241d old, limit 730d)",—,2026-08-29
Valuation,UK,valuation.UK,"UK trailing P/E, P/B, P/S and EV multiples, aggregated by country (NOT cyclically-adjusted — not comparable to US CAPE)",ratio (x),irregular (Damodaran's update cadence; treat as current-snapshot unless dated archives are confirmed at build time),xls/xlsx,"current snapshot only, unless year-stamped archive files (matching ctryprem's pattern) are confirmed to exist at build time",snapshot now; investigate archive depth at build time,"Damodaran/NYU Stern, countrystats.xls",planned (v2),"Added 2026-08-28. Same institution as the two US rows above — a consolidation win, not a new dependency. Confirm at build time whether prior-year snapshots are archived the way ctryprem.xlsx's are.",no,—,—,—,—,—,—,2026-08-29
Valuation,DE,valuation.DE,"DE trailing P/E, P/B, P/S and EV multiples, aggregated by country (NOT cyclically-adjusted — not comparable to US CAPE)",ratio (x),irregular (Damodaran's update cadence; treat as current-snapshot unless dated archives are confirmed at build time),xls/xlsx,"current snapshot only, unless year-stamped archive files (matching ctryprem's pattern) are confirmed to exist at build time",snapshot now; investigate archive depth at build time,"Damodaran/NYU Stern, countrystats.xls",planned (v2),"Added 2026-08-28. Same institution as the two US rows above — a consolidation win, not a new dependency. Confirm at build time whether prior-year snapshots are archived the way ctryprem.xlsx's are.",no,—,—,—,—,—,—,2026-08-29
Valuation,CH,valuation.CH,"CH trailing P/E, P/B, P/S and EV multiples, aggregated by country (NOT cyclically-adjusted — not comparable to US CAPE)",ratio (x),irregular (Damodaran's update cadence; treat as current-snapshot unless dated archives are confirmed at build time),xls/xlsx,"current snapshot only, unless year-stamped archive files (matching ctryprem's pattern) are confirmed to exist at build time",snapshot now; investigate archive depth at build time,"Damodaran/NYU Stern, countrystats.xls",planned (v2),"Added 2026-08-28. Same institution as the two US rows above — a consolidation win, not a new dependency. Confirm at build time whether prior-year snapshots are archived the way ctryprem.xlsx's are.",no,—,—,—,—,—,—,2026-08-29
Valuation,CN,valuation.CN,"CN trailing P/E, P/B, P/S and EV multiples, aggregated by country (NOT cyclically-adjusted — not comparable to US CAPE)",ratio (x),irregular (Damodaran's update cadence; treat as current-snapshot unless dated archives are confirmed at build time),xls/xlsx,"current snapshot only, unless year-stamped archive files (matching ctryprem's pattern) are confirmed to exist at build time",snapshot now; investigate archive depth at build time,"Damodaran/NYU Stern, countrystats.xls",planned (v2),"Added 2026-08-28. Same institution as the two US rows above — a consolidation win, not a new dependency. Confirm at build time whether prior-year snapshots are archived the way ctryprem.xlsx's are.",no,—,—,—,—,—,—,2026-08-29
Valuation,JP,valuation.JP,"JP trailing P/E, P/B, P/S and EV multiples, aggregated by country (NOT cyclically-adjusted — not comparable to US CAPE)",ratio (x),irregular (Damodaran's update cadence; treat as current-snapshot unless dated archives are confirmed at build time),xls/xlsx,"current snapshot only, unless year-stamped archive files (matching ctryprem's pattern) are confirmed to exist at build time",snapshot now; investigate archive depth at build time,"Damodaran/NYU Stern, countrystats.xls",planned (v2),"Added 2026-08-28. Same institution as the two US rows above — a consolidation win, not a new dependency. Confirm at build time whether prior-year snapshots are archived the way ctryprem.xlsx's are.",no,—,—,—,—,—,—,2026-08-29
Valuation,NO,valuation.NO,"NO trailing P/E, P/B, P/S and EV multiples, aggregated by country (NOT cyclically-adjusted — not comparable to US CAPE)",ratio (x),irregular (Damodaran's update cadence; treat as current-snapshot unless dated archives are confirmed at build time),xls/xlsx,"current snapshot only, unless year-stamped archive files (matching ctryprem's pattern) are confirmed to exist at build time",snapshot now; investigate archive depth at build time,"Damodaran/NYU Stern, countrystats.xls",planned (v2),"Added 2026-08-28. Same institution as the two US rows above — a consolidation win, not a new dependency. Confirm at build time whether prior-year snapshots are archived the way ctryprem.xlsx's are.",no,—,—,—,—,—,—,2026-08-29
Valuation,EZ,valuation.EZ,Eurozone trailing multiples (bloc-level),ratio (x),—,—,,,none — Damodaran has no single Eurozone line,descoped,"Damodaran's countrystats.xls has member countries only, no 'Eurozone' aggregate — decided 2026-08-28 to leave this blank rather than substitute Germany's figure for it, same principle as not substituting the Bundesbank curve for the ECB's blended one. Germany's own row above is unaffected and real.",no,—,—,—,—,—,—,2026-08-29
Equity risk premium,UK,erp.UK,UK country risk premium (Damodaran rating-based method — NOT the earnings-yield-implied construct used for the US row),%,annual,xlsx,back to 2001 (year-stamped archive files confirmed to exist),back to 2001,"Damodaran/NYU Stern, ctryprem.xlsx",planned (v2),"Added 2026-08-28. Same institution as US ERP and the new valuation rows above. Several developed markets can share an identical figure in a given year (the rating-based method compresses all top-rated sovereigns toward the same spread) — expected, not a bug.",no,—,—,—,—,—,—,2026-08-29
Equity risk premium,DE,erp.DE,DE country risk premium (Damodaran rating-based method — NOT the earnings-yield-implied construct used for the US row),%,annual,xlsx,back to 2001 (year-stamped archive files confirmed to exist),back to 2001,"Damodaran/NYU Stern, ctryprem.xlsx",planned (v2),"Added 2026-08-28. Same institution as US ERP and the new valuation rows above. Several developed markets can share an identical figure in a given year (the rating-based method compresses all top-rated sovereigns toward the same spread) — expected, not a bug.",no,—,—,—,—,—,—,2026-08-29
Equity risk premium,CH,erp.CH,CH country risk premium (Damodaran rating-based method — NOT the earnings-yield-implied construct used for the US row),%,annual,xlsx,back to 2001 (year-stamped archive files confirmed to exist),back to 2001,"Damodaran/NYU Stern, ctryprem.xlsx",planned (v2),"Added 2026-08-28. Same institution as US ERP and the new valuation rows above. Several developed markets can share an identical figure in a given year (the rating-based method compresses all top-rated sovereigns toward the same spread) — expected, not a bug.",no,—,—,—,—,—,—,2026-08-29
Equity risk premium,CN,erp.CN,CN country risk premium (Damodaran rating-based method — NOT the earnings-yield-implied construct used for the US row),%,annual,xlsx,back to 2001 (year-stamped archive files confirmed to exist),back to 2001,"Damodaran/NYU Stern, ctryprem.xlsx",planned (v2),"Added 2026-08-28. Same institution as US ERP and the new valuation rows above. Several developed markets can share an identical figure in a given year (the rating-based method compresses all top-rated sovereigns toward the same spread) — expected, not a bug.",no,—,—,—,—,—,—,2026-08-29
Equity risk premium,JP,erp.JP,JP country risk premium (Damodaran rating-based method — NOT the earnings-yield-implied construct used for the US row),%,annual,xlsx,back to 2001 (year-stamped archive files confirmed to exist),back to 2001,"Damodaran/NYU Stern, ctryprem.xlsx",planned (v2),"Added 2026-08-28. Same institution as US ERP and the new valuation rows above. Several developed markets can share an identical figure in a given year (the rating-based method compresses all top-rated sovereigns toward the same spread) — expected, not a bug.",no,—,—,—,—,—,—,2026-08-29
Equity risk premium,NO,erp.NO,NO country risk premium (Damodaran rating-based method — NOT the earnings-yield-implied construct used for the US row),%,annual,xlsx,back to 2001 (year-stamped archive files confirmed to exist),back to 2001,"Damodaran/NYU Stern, ctryprem.xlsx",planned (v2),"Added 2026-08-28. Same institution as US ERP and the new valuation rows above. Several developed markets can share an identical figure in a given year (the rating-based method compresses all top-rated sovereigns toward the same spread) — expected, not a bug.",no,—,—,—,—,—,—,2026-08-29
Equity risk premium,EZ,erp.EZ,Eurozone country risk premium (bloc-level),%,—,—,,,none — ctryprem.xlsx has no single Eurozone line,descoped,Same reasoning as Valuation/EZ above — ctryprem.xlsx has member countries only. Left blank rather than substituting Germany's figure. Germany's own row above is unaffected and real.,no,—,—,—,—,—,—,2026-08-29
Credit spread,US,credit.US.ig_oas,US investment-grade OAS (ICE BofA),bp,daily,CSV,~3y — ICE licensing cap on FRED's free tier; explicit cosd= back-dating has no effect,3y (source ceiling — not a pipeline choice),"FRED, BAMLC0A0CM",ok,Percentile context can only resolve the 'full' window given the 3y cap; 5y/10y will correctly stay hidden.,yes,weekly,2023-09-01,2026-08-27,157,"fresh (2d old, limit 14d)",—,2026-08-29
Credit spread,US,credit.US.hy_oas,US high-yield OAS (ICE BofA),bp,daily,CSV,~3y (same ICE cap),3y (source ceiling),"FRED, BAMLH0A0HYM2",ok,Same 3y cap as the IG series.,yes,weekly,2023-09-01,2026-08-27,157,"fresh (2d old, limit 14d)",—,2026-08-29
Credit spread,EZ,credit.EZ.hy_oas,Euro high-yield OAS (ICE BofA),bp,daily,CSV,not measured this pass — check same ~3y cap,3y (assume same cap until checked),"FRED, BAMLHE00EHYIOAS",ok,"Found 2026-08-28, contrary to the earlier assumption of US-only OAS. No free euro *investment-grade* OAS exists, so an EZ cost-of-capital stack would mix HY here with IG in the US row — flagged as a comparability risk, not wired blindly.",yes,weekly,2023-09-01,2026-08-27,157,"fresh (2d old, limit 14d)",—,2026-08-29
Credit spread,EM,credit.EM.corp_oas,EM corporate OAS (ICE BofA),bp,daily,CSV,not measured this pass,3y (assume same cap until checked),"FRED, BAMLEMCBPIOAS",ok,"Found 2026-08-28, same caveat as the Euro HY series.",yes,weekly,2023-09-01,2026-08-27,157,"fresh (2d old, limit 14d)",—,2026-08-29
Liquidity cycle,US,sloos.US.ci_large,"Fed Senior Loan Officer Survey — net % tightening C&I loan standards, large/medium firms",% net tightening,quarterly,CSV,1990→now (not capped),full,"FRED, DRTSCILM",ok,"Unlike the OAS series, this one is not capped — full history resolves normally.",yes,quarterly,1990-04-01,2026-07-01,146,"fresh (59d old, limit 200d)",—,2026-08-29
Cross-asset proxy,Global,bond_proxy.IEF,US Treasury 7-10y total-return proxy — correlation heatmap 'bonds' leg (medium duration),index points (ETF price),daily,yfinance object,full,full,"Yahoo Finance, IEF",ok,"No yield-curve equivalent exists in the pipeline today (yields, not tradeable returns) — this is the one genuinely new instrument V2 introduces. Decided 2026-08-28: carry both IEF and TLT rather than picking one duration — cheap to store, and duration materially changes the correlation story.",yes,weekly,2002-08-02,2026-08-27,"1,257","fresh (2d old, limit 14d)",—,2026-08-29
Cross-asset proxy,Global,bond_proxy.TLT,US Treasury 20y+ total-return proxy — correlation heatmap 'bonds' leg (long duration),index points (ETF price),daily,yfinance object,full,full,"Yahoo Finance, TLT",ok,Paired with IEF (see that row) so the heatmap can show both a medium- and long-duration bond correlation rather than picking one.,yes,weekly,2002-08-02,2026-08-27,"1,257","fresh (2d old, limit 14d)",—,2026-08-29
CPI,US,cpi.US.index,"US headline CPI, index level (same BIS response as cpi.US, unit_measure 628)",index level,monthly,,,,"BIS WS_LONG_CPI, M.US",ok,Added automatically by db/catalog_sync.py: the database stores this series but the reviewed catalog had no row for it.,yes,monthly,2001-09-01,2026-07-01,298,"fresh (59d old, limit 70d)",gap,2026-08-29
CPI,UK,cpi.UK.index,"UK headline CPI, index level (same BIS response as cpi.UK, unit_measure 628)",index level,monthly,,,,"BIS WS_LONG_CPI, M.GB",ok,Added automatically by db/catalog_sync.py: the database stores this series but the reviewed catalog had no row for it.,yes,monthly,2001-09-01,2026-07-01,299,"fresh (59d old, limit 70d)",—,2026-08-29
CPI,EZ,cpi.EZ.index,"EZ headline CPI, index level (same BIS response as cpi.EZ, unit_measure 628)",index level,monthly,,,,"BIS WS_LONG_CPI, M.XM",ok,Added automatically by db/catalog_sync.py: the database stores this series but the reviewed catalog had no row for it.,yes,monthly,2001-09-01,2026-07-01,299,"fresh (59d old, limit 70d)",—,2026-08-29
CPI,DE,cpi.DE.index,"DE headline CPI, index level (same BIS response as cpi.DE, unit_measure 628)",index level,monthly,,,,"BIS WS_LONG_CPI, M.DE",ok,Added automatically by db/catalog_sync.py: the database stores this series but the reviewed catalog had no row for it.,yes,monthly,2001-09-01,2026-07-01,299,"fresh (59d old, limit 70d)",—,2026-08-29
CPI,CH,cpi.CH.index,"CH headline CPI, index level (same BIS response as cpi.CH, unit_measure 628)",index level,monthly,,,,"BIS WS_LONG_CPI, M.CH",ok,Added automatically by db/catalog_sync.py: the database stores this series but the reviewed catalog had no row for it.,yes,monthly,2001-09-01,2026-07-01,299,"fresh (59d old, limit 70d)",—,2026-08-29
CPI,CN,cpi.CN.index,"CN headline CPI, index level (same BIS response as cpi.CN, unit_measure 628)",index level,monthly,,,,"BIS WS_LONG_CPI, M.CN",ok,Added automatically by db/catalog_sync.py: the database stores this series but the reviewed catalog had no row for it.,yes,monthly,2001-09-01,2026-07-01,299,"fresh (59d old, limit 70d)",—,2026-08-29
CPI,JP,cpi.JP.index,"JP headline CPI, index level (same BIS response as cpi.JP, unit_measure 628)",index level,monthly,,,,"BIS WS_LONG_CPI, M.JP",ok,Added automatically by db/catalog_sync.py: the database stores this series but the reviewed catalog had no row for it.,yes,monthly,2001-09-01,2026-07-01,299,"fresh (59d old, limit 70d)",—,2026-08-29
CPI,NO,cpi.NO.index,"NO headline CPI, index level (same BIS response as cpi.NO, unit_measure 628)",index level,monthly,,,,"BIS WS_LONG_CPI, M.NO",ok,Added automatically by db/catalog_sync.py: the database stores this series but the reviewed catalog had no row for it.,yes,monthly,2001-09-01,2026-07-01,299,"fresh (59d old, limit 70d)",—,2026-08-29
